"","Kolmogorov.Smirnov","Cramer.von","Anderson.Darling"
"Weibull",0.105043963727197,0.0944864025221334,0.740769825131359
"lognormal",0.156336122293689,0.33330406953625,2.16702932081819
"normal",0.0994769444175932,0.0803049337033269,0.561552822617934
"gamma",0.141520619445117,0.221193201093285,1.46431699298832
"gumbel",0.130362219159781,0.207254962762668,1.39836131682209
"exponential",0.32710498242387,1.74248222738756,8.82320682511336
"Pearson III",0.125796314994049,0.141320236864275,0.802606789682486
